session_order,session,level,timezone,component,grade,min_mark,max_mark,component_max,note
2021-05,May 2021,HL,1,Overall,1,0,3,100,COVID-adjusted session; IB published overall boundaries only
2021-05,May 2021,HL,1,Overall,2,4,12,100,COVID-adjusted session; IB published overall boundaries only
2021-05,May 2021,HL,1,Overall,3,13,23,100,COVID-adjusted session; IB published overall boundaries only
2021-05,May 2021,HL,1,Overall,4,24,35,100,COVID-adjusted session; IB published overall boundaries only
2021-05,May 2021,HL,1,Overall,5,36,48,100,COVID-adjusted session; IB published overall boundaries only
2021-05,May 2021,HL,1,Overall,6,49,62,100,COVID-adjusted session; IB published overall boundaries only
2021-05,May 2021,HL,1,Overall,7,63,100,100,COVID-adjusted session; IB published overall boundaries only
2021-05,May 2021,HL,2,Overall,1,0,3,100,COVID-adjusted session; IB published overall boundaries only
2021-05,May 2021,HL,2,Overall,2,4,11,100,COVID-adjusted session; IB published overall boundaries only
2021-05,May 2021,HL,2,Overall,3,12,23,100,COVID-adjusted session; IB published overall boundaries only
2021-05,May 2021,HL,2,Overall,4,24,37,100,COVID-adjusted session; IB published overall boundaries only
2021-05,May 2021,HL,2,Overall,5,38,52,100,COVID-adjusted session; IB published overall boundaries only
2021-05,May 2021,HL,2,Overall,6,53,68,100,COVID-adjusted session; IB published overall boundaries only
2021-05,May 2021,HL,2,Overall,7,69,100,100,COVID-adjusted session; IB published overall boundaries only
2021-05,May 2021,SL,1,Overall,1,0,3,100,COVID-adjusted session; IB published overall boundaries only
2021-05,May 2021,SL,1,Overall,2,4,8,100,COVID-adjusted session; IB published overall boundaries only
2021-05,May 2021,SL,1,Overall,3,9,18,100,COVID-adjusted session; IB published overall boundaries only
2021-05,May 2021,SL,1,Overall,4,19,30,100,COVID-adjusted session; IB published overall boundaries only
2021-05,May 2021,SL,1,Overall,5,31,44,100,COVID-adjusted session; IB published overall boundaries only
2021-05,May 2021,SL,1,Overall,6,45,62,100,COVID-adjusted session; IB published overall boundaries only
2021-05,May 2021,SL,1,Overall,7,63,100,100,COVID-adjusted session; IB published overall boundaries only
2021-05,May 2021,SL,2,Overall,1,0,3,100,COVID-adjusted session; IB published overall boundaries only
2021-05,May 2021,SL,2,Overall,2,4,11,100,COVID-adjusted session; IB published overall boundaries only
2021-05,May 2021,SL,2,Overall,3,12,22,100,COVID-adjusted session; IB published overall boundaries only
2021-05,May 2021,SL,2,Overall,4,23,39,100,COVID-adjusted session; IB published overall boundaries only
2021-05,May 2021,SL,2,Overall,5,40,57,100,COVID-adjusted session; IB published overall boundaries only
2021-05,May 2021,SL,2,Overall,6,58,71,100,COVID-adjusted session; IB published overall boundaries only
2021-05,May 2021,SL,2,Overall,7,72,100,100,COVID-adjusted session; IB published overall boundaries only
2021-11,Nov 2021,HL,0,Overall,1,0,3,100,COVID-adjusted session; IB published overall boundaries only
2021-11,Nov 2021,HL,0,Overall,2,4,12,100,COVID-adjusted session; IB published overall boundaries only
2021-11,Nov 2021,HL,0,Overall,3,13,23,100,COVID-adjusted session; IB published overall boundaries only
2021-11,Nov 2021,HL,0,Overall,4,24,37,100,COVID-adjusted session; IB published overall boundaries only
2021-11,Nov 2021,HL,0,Overall,5,38,52,100,COVID-adjusted session; IB published overall boundaries only
2021-11,Nov 2021,HL,0,Overall,6,53,66,100,COVID-adjusted session; IB published overall boundaries only
2021-11,Nov 2021,HL,0,Overall,7,67,100,100,COVID-adjusted session; IB published overall boundaries only
2021-11,Nov 2021,SL,0,Overall,1,0,3,100,COVID-adjusted session; IB published overall boundaries only
2021-11,Nov 2021,SL,0,Overall,2,4,9,100,COVID-adjusted session; IB published overall boundaries only
2021-11,Nov 2021,SL,0,Overall,3,10,18,100,COVID-adjusted session; IB published overall boundaries only
2021-11,Nov 2021,SL,0,Overall,4,19,33,100,COVID-adjusted session; IB published overall boundaries only
2021-11,Nov 2021,SL,0,Overall,5,34,51,100,COVID-adjusted session; IB published overall boundaries only
2021-11,Nov 2021,SL,0,Overall,6,52,67,100,COVID-adjusted session; IB published overall boundaries only
2021-11,Nov 2021,SL,0,Overall,7,68,100,100,COVID-adjusted session; IB published overall boundaries only
2022-05,May 2022,HL,1,Overall,1,0,6,100,COVID-adjusted session; IB published overall boundaries only
2022-05,May 2022,HL,1,Overall,2,7,14,100,COVID-adjusted session; IB published overall boundaries only
2022-05,May 2022,HL,1,Overall,3,15,23,100,COVID-adjusted session; IB published overall boundaries only
2022-05,May 2022,HL,1,Overall,4,24,36,100,COVID-adjusted session; IB published overall boundaries only
2022-05,May 2022,HL,1,Overall,5,37,50,100,COVID-adjusted session; IB published overall boundaries only
2022-05,May 2022,HL,1,Overall,6,51,64,100,COVID-adjusted session; IB published overall boundaries only
2022-05,May 2022,HL,1,Overall,7,65,100,100,COVID-adjusted session; IB published overall boundaries only
2022-05,May 2022,HL,2,Overall,1,0,9,100,COVID-adjusted session; IB published overall boundaries only
2022-05,May 2022,HL,2,Overall,2,10,17,100,COVID-adjusted session; IB published overall boundaries only
2022-05,May 2022,HL,2,Overall,3,18,27,100,COVID-adjusted session; IB published overall boundaries only
2022-05,May 2022,HL,2,Overall,4,28,38,100,COVID-adjusted session; IB published overall boundaries only
2022-05,May 2022,HL,2,Overall,5,39,51,100,COVID-adjusted session; IB published overall boundaries only
2022-05,May 2022,HL,2,Overall,6,52,64,100,COVID-adjusted session; IB published overall boundaries only
2022-05,May 2022,HL,2,Overall,7,65,100,100,COVID-adjusted session; IB published overall boundaries only
2022-05,May 2022,SL,1,Overall,1,0,4,100,COVID-adjusted session; IB published overall boundaries only
2022-05,May 2022,SL,1,Overall,2,5,11,100,COVID-adjusted session; IB published overall boundaries only
2022-05,May 2022,SL,1,Overall,3,12,20,100,COVID-adjusted session; IB published overall boundaries only
2022-05,May 2022,SL,1,Overall,4,21,32,100,COVID-adjusted session; IB published overall boundaries only
2022-05,May 2022,SL,1,Overall,5,33,47,100,COVID-adjusted session; IB published overall boundaries only
2022-05,May 2022,SL,1,Overall,6,48,65,100,COVID-adjusted session; IB published overall boundaries only
2022-05,May 2022,SL,1,Overall,7,66,100,100,COVID-adjusted session; IB published overall boundaries only
2022-05,May 2022,SL,2,Overall,1,0,7,100,COVID-adjusted session; IB published overall boundaries only
2022-05,May 2022,SL,2,Overall,2,8,13,100,COVID-adjusted session; IB published overall boundaries only
2022-05,May 2022,SL,2,Overall,3,14,24,100,COVID-adjusted session; IB published overall boundaries only
2022-05,May 2022,SL,2,Overall,4,25,40,100,COVID-adjusted session; IB published overall boundaries only
2022-05,May 2022,SL,2,Overall,5,41,55,100,COVID-adjusted session; IB published overall boundaries only
2022-05,May 2022,SL,2,Overall,6,56,70,100,COVID-adjusted session; IB published overall boundaries only
2022-05,May 2022,SL,2,Overall,7,71,100,100,COVID-adjusted session; IB published overall boundaries only
2022-11,Nov 2022,HL,0,Overall,1,0,9,100,COVID-adjusted session; IB published overall boundaries only
2022-11,Nov 2022,HL,0,Overall,2,10,15,100,COVID-adjusted session; IB published overall boundaries only
2022-11,Nov 2022,HL,0,Overall,3,16,26,100,COVID-adjusted session; IB published overall boundaries only
2022-11,Nov 2022,HL,0,Overall,4,27,43,100,COVID-adjusted session; IB published overall boundaries only
2022-11,Nov 2022,HL,0,Overall,5,44,58,100,COVID-adjusted session; IB published overall boundaries only
2022-11,Nov 2022,HL,0,Overall,6,59,72,100,COVID-adjusted session; IB published overall boundaries only
2022-11,Nov 2022,HL,0,Overall,7,73,100,100,COVID-adjusted session; IB published overall boundaries only
2022-11,Nov 2022,SL,0,Overall,1,0,8,100,COVID-adjusted session; IB published overall boundaries only
2022-11,Nov 2022,SL,0,Overall,2,9,14,100,COVID-adjusted session; IB published overall boundaries only
2022-11,Nov 2022,SL,0,Overall,3,15,23,100,COVID-adjusted session; IB published overall boundaries only
2022-11,Nov 2022,SL,0,Overall,4,24,38,100,COVID-adjusted session; IB published overall boundaries only
2022-11,Nov 2022,SL,0,Overall,5,39,57,100,COVID-adjusted session; IB published overall boundaries only
2022-11,Nov 2022,SL,0,Overall,6,58,74,100,COVID-adjusted session; IB published overall boundaries only
2022-11,Nov 2022,SL,0,Overall,7,75,100,100,COVID-adjusted session; IB published overall boundaries only
2023-05,May 2023,HL,1,IA,1,0,2,20,
2023-05,May 2023,HL,1,IA,2,3,5,20,
2023-05,May 2023,HL,1,IA,3,6,8,20,
2023-05,May 2023,HL,1,IA,4,9,11,20,
2023-05,May 2023,HL,1,IA,5,12,14,20,
2023-05,May 2023,HL,1,IA,6,15,16,20,
2023-05,May 2023,HL,1,IA,7,17,20,20,
2023-05,May 2023,HL,1,Overall,1,0,8,100,
2023-05,May 2023,HL,1,Overall,2,9,20,100,
2023-05,May 2023,HL,1,Overall,3,21,30,100,
2023-05,May 2023,HL,1,Overall,4,31,43,100,
2023-05,May 2023,HL,1,Overall,5,44,55,100,
2023-05,May 2023,HL,1,Overall,6,56,69,100,
2023-05,May 2023,HL,1,Overall,7,70,100,100,
2023-05,May 2023,HL,1,Paper 1,1,0,9,110,
2023-05,May 2023,HL,1,Paper 1,2,10,22,110,
2023-05,May 2023,HL,1,Paper 1,3,23,30,110,
2023-05,May 2023,HL,1,Paper 1,4,31,45,110,
2023-05,May 2023,HL,1,Paper 1,5,46,58,110,
2023-05,May 2023,HL,1,Paper 1,6,59,74,110,
2023-05,May 2023,HL,1,Paper 1,7,75,110,110,
2023-05,May 2023,HL,1,Paper 2,1,0,9,110,
2023-05,May 2023,HL,1,Paper 2,2,10,20,110,
2023-05,May 2023,HL,1,Paper 2,3,21,28,110,
2023-05,May 2023,HL,1,Paper 2,4,29,43,110,
2023-05,May 2023,HL,1,Paper 2,5,44,56,110,
2023-05,May 2023,HL,1,Paper 2,6,57,72,110,
2023-05,May 2023,HL,1,Paper 2,7,73,110,110,
2023-05,May 2023,HL,1,Paper 3,1,0,4,55,
2023-05,May 2023,HL,1,Paper 3,2,5,11,55,
2023-05,May 2023,HL,1,Paper 3,3,12,16,55,
2023-05,May 2023,HL,1,Paper 3,4,17,22,55,
2023-05,May 2023,HL,1,Paper 3,5,23,28,55,
2023-05,May 2023,HL,1,Paper 3,6,29,35,55,
2023-05,May 2023,HL,1,Paper 3,7,36,55,55,
2023-05,May 2023,HL,2,IA,1,0,2,20,
2023-05,May 2023,HL,2,IA,2,3,5,20,
2023-05,May 2023,HL,2,IA,3,6,8,20,
2023-05,May 2023,HL,2,IA,4,9,11,20,
2023-05,May 2023,HL,2,IA,5,12,14,20,
2023-05,May 2023,HL,2,IA,6,15,16,20,
2023-05,May 2023,HL,2,IA,7,17,20,20,
2023-05,May 2023,HL,2,Overall,1,0,12,100,
2023-05,May 2023,HL,2,Overall,2,13,20,100,
2023-05,May 2023,HL,2,Overall,3,21,29,100,
2023-05,May 2023,HL,2,Overall,4,30,42,100,
2023-05,May 2023,HL,2,Overall,5,43,56,100,
2023-05,May 2023,HL,2,Overall,6,57,69,100,
2023-05,May 2023,HL,2,Overall,7,70,100,100,
2023-05,May 2023,HL,2,Paper 1,1,0,14,110,
2023-05,May 2023,HL,2,Paper 1,2,15,21,110,
2023-05,May 2023,HL,2,Paper 1,3,22,29,110,
2023-05,May 2023,HL,2,Paper 1,4,30,43,110,
2023-05,May 2023,HL,2,Paper 1,5,44,59,110,
2023-05,May 2023,HL,2,Paper 1,6,60,75,110,
2023-05,May 2023,HL,2,Paper 1,7,76,110,110,
2023-05,May 2023,HL,2,Paper 2,1,0,14,110,
2023-05,May 2023,HL,2,Paper 2,2,15,20,110,
2023-05,May 2023,HL,2,Paper 2,3,21,27,110,
2023-05,May 2023,HL,2,Paper 2,4,28,42,110,
2023-05,May 2023,HL,2,Paper 2,5,43,57,110,
2023-05,May 2023,HL,2,Paper 2,6,58,73,110,
2023-05,May 2023,HL,2,Paper 2,7,74,110,110,
2023-05,May 2023,HL,2,Paper 3,1,0,6,55,
2023-05,May 2023,HL,2,Paper 3,2,7,11,55,
2023-05,May 2023,HL,2,Paper 3,3,12,16,55,
2023-05,May 2023,HL,2,Paper 3,4,17,22,55,
2023-05,May 2023,HL,2,Paper 3,5,23,29,55,
2023-05,May 2023,HL,2,Paper 3,6,30,35,55,
2023-05,May 2023,HL,2,Paper 3,7,36,55,55,
2023-05,May 2023,SL,1,IA,1,0,2,20,
2023-05,May 2023,SL,1,IA,2,3,5,20,
2023-05,May 2023,SL,1,IA,3,6,8,20,
2023-05,May 2023,SL,1,IA,4,9,11,20,
2023-05,May 2023,SL,1,IA,5,12,14,20,
2023-05,May 2023,SL,1,IA,6,15,17,20,
2023-05,May 2023,SL,1,IA,7,18,20,20,
2023-05,May 2023,SL,1,Overall,1,0,10,100,
2023-05,May 2023,SL,1,Overall,2,11,22,100,
2023-05,May 2023,SL,1,Overall,3,23,33,100,
2023-05,May 2023,SL,1,Overall,4,34,47,100,
2023-05,May 2023,SL,1,Overall,5,48,63,100,
2023-05,May 2023,SL,1,Overall,6,64,78,100,
2023-05,May 2023,SL,1,Overall,7,79,100,100,
2023-05,May 2023,SL,1,Paper 1,1,0,8,80,
2023-05,May 2023,SL,1,Paper 1,2,9,17,80,
2023-05,May 2023,SL,1,Paper 1,3,18,24,80,
2023-05,May 2023,SL,1,Paper 1,4,25,36,80,
2023-05,May 2023,SL,1,Paper 1,5,37,49,80,
2023-05,May 2023,SL,1,Paper 1,6,50,61,80,
2023-05,May 2023,SL,1,Paper 1,7,62,80,80,
2023-05,May 2023,SL,1,Paper 2,1,0,8,80,
2023-05,May 2023,SL,1,Paper 2,2,9,17,80,
2023-05,May 2023,SL,1,Paper 2,3,18,26,80,
2023-05,May 2023,SL,1,Paper 2,4,27,36,80,
2023-05,May 2023,SL,1,Paper 2,5,37,49,80,
2023-05,May 2023,SL,1,Paper 2,6,50,61,80,
2023-05,May 2023,SL,1,Paper 2,7,62,80,80,
2023-05,May 2023,SL,2,IA,1,0,2,20,
2023-05,May 2023,SL,2,IA,2,3,5,20,
2023-05,May 2023,SL,2,IA,3,6,8,20,
2023-05,May 2023,SL,2,IA,4,9,11,20,
2023-05,May 2023,SL,2,IA,5,12,14,20,
2023-05,May 2023,SL,2,IA,6,15,17,20,
2023-05,May 2023,SL,2,IA,7,18,20,20,
2023-05,May 2023,SL,2,Overall,1,0,8,100,
2023-05,May 2023,SL,2,Overall,2,9,16,100,
2023-05,May 2023,SL,2,Overall,3,17,28,100,
2023-05,May 2023,SL,2,Overall,4,29,41,100,
2023-05,May 2023,SL,2,Overall,5,42,56,100,
2023-05,May 2023,SL,2,Overall,6,57,74,100,
2023-05,May 2023,SL,2,Overall,7,75,100,100,
2023-05,May 2023,SL,2,Paper 1,1,0,5,80,
2023-05,May 2023,SL,2,Paper 1,2,6,10,80,
2023-05,May 2023,SL,2,Paper 1,3,11,19,80,
2023-05,May 2023,SL,2,Paper 1,4,20,29,80,
2023-05,May 2023,SL,2,Paper 1,5,30,42,80,
2023-05,May 2023,SL,2,Paper 1,6,43,57,80,
2023-05,May 2023,SL,2,Paper 1,7,58,80,80,
2023-05,May 2023,SL,2,Paper 2,1,0,7,80,
2023-05,May 2023,SL,2,Paper 2,2,8,12,80,
2023-05,May 2023,SL,2,Paper 2,3,13,21,80,
2023-05,May 2023,SL,2,Paper 2,4,22,31,80,
2023-05,May 2023,SL,2,Paper 2,5,32,42,80,
2023-05,May 2023,SL,2,Paper 2,6,43,57,80,
2023-05,May 2023,SL,2,Paper 2,7,58,80,80,
2023-11,Nov 2023,HL,1,IA,1,0,2,20,
2023-11,Nov 2023,HL,1,IA,2,3,5,20,
2023-11,Nov 2023,HL,1,IA,3,6,8,20,
2023-11,Nov 2023,HL,1,IA,4,9,11,20,
2023-11,Nov 2023,HL,1,IA,5,12,14,20,
2023-11,Nov 2023,HL,1,IA,6,15,16,20,
2023-11,Nov 2023,HL,1,IA,7,17,20,20,
2023-11,Nov 2023,HL,1,Overall,1,0,11,100,
2023-11,Nov 2023,HL,1,Overall,2,12,22,100,
2023-11,Nov 2023,HL,1,Overall,3,23,33,100,
2023-11,Nov 2023,HL,1,Overall,4,34,46,100,
2023-11,Nov 2023,HL,1,Overall,5,47,60,100,
2023-11,Nov 2023,HL,1,Overall,6,61,77,100,
2023-11,Nov 2023,HL,1,Overall,7,78,100,100,
2023-11,Nov 2023,HL,1,Paper 1,1,0,12,110,
2023-11,Nov 2023,HL,1,Paper 1,2,13,25,110,
2023-11,Nov 2023,HL,1,Paper 1,3,26,36,110,
2023-11,Nov 2023,HL,1,Paper 1,4,37,47,110,
2023-11,Nov 2023,HL,1,Paper 1,5,48,63,110,
2023-11,Nov 2023,HL,1,Paper 1,6,64,85,110,
2023-11,Nov 2023,HL,1,Paper 1,7,86,110,110,
2023-11,Nov 2023,HL,1,Paper 2,1,0,14,110,
2023-11,Nov 2023,HL,1,Paper 2,2,15,27,110,
2023-11,Nov 2023,HL,1,Paper 2,3,28,38,110,
2023-11,Nov 2023,HL,1,Paper 2,4,39,50,110,
2023-11,Nov 2023,HL,1,Paper 2,5,51,63,110,
2023-11,Nov 2023,HL,1,Paper 2,6,64,84,110,
2023-11,Nov 2023,HL,1,Paper 2,7,85,110,110,
2023-11,Nov 2023,HL,1,Paper 3,1,0,5,55,
2023-11,Nov 2023,HL,1,Paper 3,2,6,9,55,
2023-11,Nov 2023,HL,1,Paper 3,3,10,14,55,
2023-11,Nov 2023,HL,1,Paper 3,4,15,23,55,
2023-11,Nov 2023,HL,1,Paper 3,5,24,33,55,
2023-11,Nov 2023,HL,1,Paper 3,6,34,41,55,
2023-11,Nov 2023,HL,1,Paper 3,7,42,55,55,
2023-11,Nov 2023,HL,2,IA,1,0,2,20,
2023-11,Nov 2023,HL,2,IA,2,3,5,20,
2023-11,Nov 2023,HL,2,IA,3,6,8,20,
2023-11,Nov 2023,HL,2,IA,4,9,11,20,
2023-11,Nov 2023,HL,2,IA,5,12,14,20,
2023-11,Nov 2023,HL,2,IA,6,15,16,20,
2023-11,Nov 2023,HL,2,IA,7,17,20,20,
2023-11,Nov 2023,HL,2,Overall,1,0,11,100,
2023-11,Nov 2023,HL,2,Overall,2,12,22,100,
2023-11,Nov 2023,HL,2,Overall,3,23,33,100,
2023-11,Nov 2023,HL,2,Overall,4,34,46,100,
2023-11,Nov 2023,HL,2,Overall,5,47,60,100,
2023-11,Nov 2023,HL,2,Overall,6,61,77,100,
2023-11,Nov 2023,HL,2,Overall,7,78,100,100,
2023-11,Nov 2023,HL,2,Paper 1,1,0,12,110,
2023-11,Nov 2023,HL,2,Paper 1,2,13,25,110,
2023-11,Nov 2023,HL,2,Paper 1,3,26,36,110,
2023-11,Nov 2023,HL,2,Paper 1,4,37,47,110,
2023-11,Nov 2023,HL,2,Paper 1,5,48,63,110,
2023-11,Nov 2023,HL,2,Paper 1,6,64,85,110,
2023-11,Nov 2023,HL,2,Paper 1,7,86,110,110,
2023-11,Nov 2023,HL,2,Paper 2,1,0,14,110,
2023-11,Nov 2023,HL,2,Paper 2,2,15,27,110,
2023-11,Nov 2023,HL,2,Paper 2,3,28,38,110,
2023-11,Nov 2023,HL,2,Paper 2,4,39,50,110,
2023-11,Nov 2023,HL,2,Paper 2,5,51,63,110,
2023-11,Nov 2023,HL,2,Paper 2,6,64,84,110,
2023-11,Nov 2023,HL,2,Paper 2,7,85,110,110,
2023-11,Nov 2023,HL,2,Paper 3,1,0,5,55,
2023-11,Nov 2023,HL,2,Paper 3,2,6,9,55,
2023-11,Nov 2023,HL,2,Paper 3,3,10,14,55,
2023-11,Nov 2023,HL,2,Paper 3,4,15,23,55,
2023-11,Nov 2023,HL,2,Paper 3,5,24,33,55,
2023-11,Nov 2023,HL,2,Paper 3,6,34,41,55,
2023-11,Nov 2023,HL,2,Paper 3,7,42,55,55,
2023-11,Nov 2023,SL,1,IA,1,0,2,20,
2023-11,Nov 2023,SL,1,IA,2,3,5,20,
2023-11,Nov 2023,SL,1,IA,3,6,8,20,
2023-11,Nov 2023,SL,1,IA,4,9,11,20,
2023-11,Nov 2023,SL,1,IA,5,12,14,20,
2023-11,Nov 2023,SL,1,IA,6,15,17,20,
2023-11,Nov 2023,SL,1,IA,7,18,20,20,
2023-11,Nov 2023,SL,1,Overall,1,0,11,100,
2023-11,Nov 2023,SL,1,Overall,2,12,20,100,
2023-11,Nov 2023,SL,1,Overall,3,21,31,100,
2023-11,Nov 2023,SL,1,Overall,4,32,48,100,
2023-11,Nov 2023,SL,1,Overall,5,49,65,100,
2023-11,Nov 2023,SL,1,Overall,6,66,79,100,
2023-11,Nov 2023,SL,1,Overall,7,80,100,100,
2023-11,Nov 2023,SL,1,Paper 1,1,0,9,80,
2023-11,Nov 2023,SL,1,Paper 1,2,10,14,80,
2023-11,Nov 2023,SL,1,Paper 1,3,15,22,80,
2023-11,Nov 2023,SL,1,Paper 1,4,23,36,80,
2023-11,Nov 2023,SL,1,Paper 1,5,37,51,80,
2023-11,Nov 2023,SL,1,Paper 1,6,52,62,80,
2023-11,Nov 2023,SL,1,Paper 1,7,63,80,80,
2023-11,Nov 2023,SL,1,Paper 2,1,0,10,80,
2023-11,Nov 2023,SL,1,Paper 2,2,11,16,80,
2023-11,Nov 2023,SL,1,Paper 2,3,17,25,80,
2023-11,Nov 2023,SL,1,Paper 2,4,26,39,80,
2023-11,Nov 2023,SL,1,Paper 2,5,40,52,80,
2023-11,Nov 2023,SL,1,Paper 2,6,53,63,80,
2023-11,Nov 2023,SL,1,Paper 2,7,64,80,80,
2023-11,Nov 2023,SL,2,IA,1,0,2,20,
2023-11,Nov 2023,SL,2,IA,2,3,5,20,
2023-11,Nov 2023,SL,2,IA,3,6,8,20,
2023-11,Nov 2023,SL,2,IA,4,9,11,20,
2023-11,Nov 2023,SL,2,IA,5,12,14,20,
2023-11,Nov 2023,SL,2,IA,6,15,17,20,
2023-11,Nov 2023,SL,2,IA,7,18,20,20,
2023-11,Nov 2023,SL,2,Overall,1,0,11,100,
2023-11,Nov 2023,SL,2,Overall,2,12,20,100,
2023-11,Nov 2023,SL,2,Overall,3,21,31,100,
2023-11,Nov 2023,SL,2,Overall,4,32,48,100,
2023-11,Nov 2023,SL,2,Overall,5,49,65,100,
2023-11,Nov 2023,SL,2,Overall,6,66,79,100,
2023-11,Nov 2023,SL,2,Overall,7,80,100,100,
2023-11,Nov 2023,SL,2,Paper 1,1,0,9,80,
2023-11,Nov 2023,SL,2,Paper 1,2,10,14,80,
2023-11,Nov 2023,SL,2,Paper 1,3,15,22,80,
2023-11,Nov 2023,SL,2,Paper 1,4,23,36,80,
2023-11,Nov 2023,SL,2,Paper 1,5,37,51,80,
2023-11,Nov 2023,SL,2,Paper 1,6,52,62,80,
2023-11,Nov 2023,SL,2,Paper 1,7,63,80,80,
2023-11,Nov 2023,SL,2,Paper 2,1,0,10,80,
2023-11,Nov 2023,SL,2,Paper 2,2,11,16,80,
2023-11,Nov 2023,SL,2,Paper 2,3,17,25,80,
2023-11,Nov 2023,SL,2,Paper 2,4,26,39,80,
2023-11,Nov 2023,SL,2,Paper 2,5,40,52,80,
2023-11,Nov 2023,SL,2,Paper 2,6,53,63,80,
2023-11,Nov 2023,SL,2,Paper 2,7,64,80,80,
2024-05,May 2024,HL,1,IA,1,0,2,20,
2024-05,May 2024,HL,1,IA,2,3,5,20,
2024-05,May 2024,HL,1,IA,3,6,8,20,
2024-05,May 2024,HL,1,IA,4,9,11,20,
2024-05,May 2024,HL,1,IA,5,12,14,20,
2024-05,May 2024,HL,1,IA,6,15,16,20,
2024-05,May 2024,HL,1,IA,7,17,20,20,
2024-05,May 2024,HL,1,Overall,1,0,9,100,
2024-05,May 2024,HL,1,Overall,2,10,22,100,
2024-05,May 2024,HL,1,Overall,3,23,34,100,
2024-05,May 2024,HL,1,Overall,4,35,48,100,
2024-05,May 2024,HL,1,Overall,5,49,61,100,
2024-05,May 2024,HL,1,Overall,6,62,75,100,
2024-05,May 2024,HL,1,Overall,7,76,100,100,
2024-05,May 2024,HL,1,Paper 1,1,0,9,110,
2024-05,May 2024,HL,1,Paper 1,2,10,23,110,
2024-05,May 2024,HL,1,Paper 1,3,24,34,110,
2024-05,May 2024,HL,1,Paper 1,4,35,49,110,
2024-05,May 2024,HL,1,Paper 1,5,50,63,110,
2024-05,May 2024,HL,1,Paper 1,6,64,79,110,
2024-05,May 2024,HL,1,Paper 1,7,80,110,110,
2024-05,May 2024,HL,1,Paper 2,1,0,9,110,
2024-05,May 2024,HL,1,Paper 2,2,10,22,110,
2024-05,May 2024,HL,1,Paper 2,3,23,33,110,
2024-05,May 2024,HL,1,Paper 2,4,34,48,110,
2024-05,May 2024,HL,1,Paper 2,5,49,62,110,
2024-05,May 2024,HL,1,Paper 2,6,63,78,110,
2024-05,May 2024,HL,1,Paper 2,7,79,110,110,
2024-05,May 2024,HL,1,Paper 3,1,0,5,55,
2024-05,May 2024,HL,1,Paper 3,2,6,14,55,
2024-05,May 2024,HL,1,Paper 3,3,15,22,55,
2024-05,May 2024,HL,1,Paper 3,4,23,30,55,
2024-05,May 2024,HL,1,Paper 3,5,31,36,55,
2024-05,May 2024,HL,1,Paper 3,6,37,45,55,
2024-05,May 2024,HL,1,Paper 3,7,46,55,55,
2024-05,May 2024,HL,2,IA,1,0,2,20,
2024-05,May 2024,HL,2,IA,2,3,5,20,
2024-05,May 2024,HL,2,IA,3,6,8,20,
2024-05,May 2024,HL,2,IA,4,9,11,20,
2024-05,May 2024,HL,2,IA,5,12,14,20,
2024-05,May 2024,HL,2,IA,6,15,16,20,
2024-05,May 2024,HL,2,IA,7,17,20,20,
2024-05,May 2024,HL,2,Overall,1,0,13,100,
2024-05,May 2024,HL,2,Overall,2,14,23,100,
2024-05,May 2024,HL,2,Overall,3,24,33,100,
2024-05,May 2024,HL,2,Overall,4,34,46,100,
2024-05,May 2024,HL,2,Overall,5,47,59,100,
2024-05,May 2024,HL,2,Overall,6,60,73,100,
2024-05,May 2024,HL,2,Overall,7,74,100,100,
2024-05,May 2024,HL,2,Paper 1,1,0,14,110,
2024-05,May 2024,HL,2,Paper 1,2,15,22,110,
2024-05,May 2024,HL,2,Paper 1,3,23,29,110,
2024-05,May 2024,HL,2,Paper 1,4,30,44,110,
2024-05,May 2024,HL,2,Paper 1,5,45,59,110,
2024-05,May 2024,HL,2,Paper 1,6,60,75,110,
2024-05,May 2024,HL,2,Paper 1,7,76,110,110,
2024-05,May 2024,HL,2,Paper 2,1,0,15,110,
2024-05,May 2024,HL,2,Paper 2,2,16,24,110,
2024-05,May 2024,HL,2,Paper 2,3,25,32,110,
2024-05,May 2024,HL,2,Paper 2,4,33,47,110,
2024-05,May 2024,HL,2,Paper 2,5,48,62,110,
2024-05,May 2024,HL,2,Paper 2,6,63,79,110,
2024-05,May 2024,HL,2,Paper 2,7,80,110,110,
2024-05,May 2024,HL,2,Paper 3,1,0,8,55,
2024-05,May 2024,HL,2,Paper 3,2,9,15,55,
2024-05,May 2024,HL,2,Paper 3,3,16,22,55,
2024-05,May 2024,HL,2,Paper 3,4,23,28,55,
2024-05,May 2024,HL,2,Paper 3,5,29,34,55,
2024-05,May 2024,HL,2,Paper 3,6,35,40,55,
2024-05,May 2024,HL,2,Paper 3,7,41,55,55,
2024-05,May 2024,SL,1,IA,1,0,2,20,
2024-05,May 2024,SL,1,IA,2,3,5,20,
2024-05,May 2024,SL,1,IA,3,6,8,20,
2024-05,May 2024,SL,1,IA,4,9,11,20,
2024-05,May 2024,SL,1,IA,5,12,14,20,
2024-05,May 2024,SL,1,IA,6,15,17,20,
2024-05,May 2024,SL,1,IA,7,18,20,20,
2024-05,May 2024,SL,1,Overall,1,0,9,100,
2024-05,May 2024,SL,1,Overall,2,10,21,100,
2024-05,May 2024,SL,1,Overall,3,22,32,100,
2024-05,May 2024,SL,1,Overall,4,33,46,100,
2024-05,May 2024,SL,1,Overall,5,47,62,100,
2024-05,May 2024,SL,1,Overall,6,63,75,100,
2024-05,May 2024,SL,1,Overall,7,76,100,100,
2024-05,May 2024,SL,1,Paper 1,1,0,8,80,
2024-05,May 2024,SL,1,Paper 1,2,9,17,80,
2024-05,May 2024,SL,1,Paper 1,3,18,25,80,
2024-05,May 2024,SL,1,Paper 1,4,26,35,80,
2024-05,May 2024,SL,1,Paper 1,5,36,48,80,
2024-05,May 2024,SL,1,Paper 1,6,49,58,80,
2024-05,May 2024,SL,1,Paper 1,7,59,80,80,
2024-05,May 2024,SL,1,Paper 2,1,0,7,80,
2024-05,May 2024,SL,1,Paper 2,2,8,16,80,
2024-05,May 2024,SL,1,Paper 2,3,17,24,80,
2024-05,May 2024,SL,1,Paper 2,4,25,35,80,
2024-05,May 2024,SL,1,Paper 2,5,36,48,80,
2024-05,May 2024,SL,1,Paper 2,6,49,58,80,
2024-05,May 2024,SL,1,Paper 2,7,59,80,80,
2024-05,May 2024,SL,2,IA,1,0,2,20,
2024-05,May 2024,SL,2,IA,2,3,5,20,
2024-05,May 2024,SL,2,IA,3,6,8,20,
2024-05,May 2024,SL,2,IA,4,9,11,20,
2024-05,May 2024,SL,2,IA,5,12,14,20,
2024-05,May 2024,SL,2,IA,6,15,17,20,
2024-05,May 2024,SL,2,IA,7,18,20,20,
2024-05,May 2024,SL,2,Overall,1,0,8,100,
2024-05,May 2024,SL,2,Overall,2,9,17,100,
2024-05,May 2024,SL,2,Overall,3,18,29,100,
2024-05,May 2024,SL,2,Overall,4,30,43,100,
2024-05,May 2024,SL,2,Overall,5,44,58,100,
2024-05,May 2024,SL,2,Overall,6,59,74,100,
2024-05,May 2024,SL,2,Overall,7,75,100,100,
2024-05,May 2024,SL,2,Paper 1,1,0,5,80,
2024-05,May 2024,SL,2,Paper 1,2,6,11,80,
2024-05,May 2024,SL,2,Paper 1,3,12,20,80,
2024-05,May 2024,SL,2,Paper 1,4,21,31,80,
2024-05,May 2024,SL,2,Paper 1,5,32,44,80,
2024-05,May 2024,SL,2,Paper 1,6,45,57,80,
2024-05,May 2024,SL,2,Paper 1,7,58,80,80,
2024-05,May 2024,SL,2,Paper 2,1,0,7,80,
2024-05,May 2024,SL,2,Paper 2,2,8,13,80,
2024-05,May 2024,SL,2,Paper 2,3,14,22,80,
2024-05,May 2024,SL,2,Paper 2,4,23,33,80,
2024-05,May 2024,SL,2,Paper 2,5,34,45,80,
2024-05,May 2024,SL,2,Paper 2,6,46,58,80,
2024-05,May 2024,SL,2,Paper 2,7,59,80,80,
2024-11,Nov 2024,HL,0,IA,1,0,2,20,
2024-11,Nov 2024,HL,0,IA,2,3,5,20,
2024-11,Nov 2024,HL,0,IA,3,6,8,20,
2024-11,Nov 2024,HL,0,IA,4,9,11,20,
2024-11,Nov 2024,HL,0,IA,5,12,14,20,
2024-11,Nov 2024,HL,0,IA,6,15,16,20,
2024-11,Nov 2024,HL,0,IA,7,17,20,20,
2024-11,Nov 2024,HL,0,Overall,1,0,13,100,
2024-11,Nov 2024,HL,0,Overall,2,14,25,100,
2024-11,Nov 2024,HL,0,Overall,3,26,36,100,
2024-11,Nov 2024,HL,0,Overall,4,37,51,100,
2024-11,Nov 2024,HL,0,Overall,5,52,64,100,
2024-11,Nov 2024,HL,0,Overall,6,65,78,100,
2024-11,Nov 2024,HL,0,Overall,7,79,100,100,
2024-11,Nov 2024,HL,0,Paper 1,1,0,15,110,
2024-11,Nov 2024,HL,0,Paper 1,2,16,27,110,
2024-11,Nov 2024,HL,0,Paper 1,3,28,36,110,
2024-11,Nov 2024,HL,0,Paper 1,4,37,53,110,
2024-11,Nov 2024,HL,0,Paper 1,5,54,68,110,
2024-11,Nov 2024,HL,0,Paper 1,6,69,85,110,
2024-11,Nov 2024,HL,0,Paper 1,7,86,110,110,
2024-11,Nov 2024,HL,0,Paper 2,1,0,16,110,
2024-11,Nov 2024,HL,0,Paper 2,2,17,28,110,
2024-11,Nov 2024,HL,0,Paper 2,3,29,37,110,
2024-11,Nov 2024,HL,0,Paper 2,4,38,53,110,
2024-11,Nov 2024,HL,0,Paper 2,5,54,67,110,
2024-11,Nov 2024,HL,0,Paper 2,6,68,83,110,
2024-11,Nov 2024,HL,0,Paper 2,7,84,110,110,
2024-11,Nov 2024,HL,0,Paper 3,1,0,8,55,
2024-11,Nov 2024,HL,0,Paper 3,2,9,15,55,
2024-11,Nov 2024,HL,0,Paper 3,3,16,23,55,
2024-11,Nov 2024,HL,0,Paper 3,4,24,30,55,
2024-11,Nov 2024,HL,0,Paper 3,5,31,37,55,
2024-11,Nov 2024,HL,0,Paper 3,6,38,44,55,
2024-11,Nov 2024,HL,0,Paper 3,7,45,55,55,
2024-11,Nov 2024,SL,1,IA,1,0,2,20,
2024-11,Nov 2024,SL,1,IA,2,3,5,20,
2024-11,Nov 2024,SL,1,IA,3,6,8,20,
2024-11,Nov 2024,SL,1,IA,4,9,11,20,
2024-11,Nov 2024,SL,1,IA,5,12,14,20,
2024-11,Nov 2024,SL,1,IA,6,15,17,20,
2024-11,Nov 2024,SL,1,IA,7,18,20,20,
2024-11,Nov 2024,SL,1,Overall,1,0,12,100,
2024-11,Nov 2024,SL,1,Overall,2,13,25,100,
2024-11,Nov 2024,SL,1,Overall,3,26,36,100,
2024-11,Nov 2024,SL,1,Overall,4,37,52,100,
2024-11,Nov 2024,SL,1,Overall,5,53,66,100,
2024-11,Nov 2024,SL,1,Overall,6,67,79,100,
2024-11,Nov 2024,SL,1,Overall,7,80,100,100,
2024-11,Nov 2024,SL,1,Paper 1,1,0,10,80,
2024-11,Nov 2024,SL,1,Paper 1,2,11,20,80,
2024-11,Nov 2024,SL,1,Paper 1,3,21,28,80,
2024-11,Nov 2024,SL,1,Paper 1,4,29,41,80,
2024-11,Nov 2024,SL,1,Paper 1,5,42,53,80,
2024-11,Nov 2024,SL,1,Paper 1,6,54,63,80,
2024-11,Nov 2024,SL,1,Paper 1,7,64,80,80,
2024-11,Nov 2024,SL,1,Paper 2,1,0,10,80,
2024-11,Nov 2024,SL,1,Paper 2,2,11,20,80,
2024-11,Nov 2024,SL,1,Paper 2,3,21,28,80,
2024-11,Nov 2024,SL,1,Paper 2,4,29,41,80,
2024-11,Nov 2024,SL,1,Paper 2,5,42,52,80,
2024-11,Nov 2024,SL,1,Paper 2,6,53,61,80,
2024-11,Nov 2024,SL,1,Paper 2,7,62,80,80,
2024-11,Nov 2024,SL,2,IA,1,0,2,20,
2024-11,Nov 2024,SL,2,IA,2,3,5,20,
2024-11,Nov 2024,SL,2,IA,3,6,8,20,
2024-11,Nov 2024,SL,2,IA,4,9,11,20,
2024-11,Nov 2024,SL,2,IA,5,12,14,20,
2024-11,Nov 2024,SL,2,IA,6,15,17,20,
2024-11,Nov 2024,SL,2,IA,7,18,20,20,
2024-11,Nov 2024,SL,2,Overall,1,0,12,100,
2024-11,Nov 2024,SL,2,Overall,2,13,25,100,
2024-11,Nov 2024,SL,2,Overall,3,26,36,100,
2024-11,Nov 2024,SL,2,Overall,4,37,52,100,
2024-11,Nov 2024,SL,2,Overall,5,53,66,100,
2024-11,Nov 2024,SL,2,Overall,6,67,79,100,
2024-11,Nov 2024,SL,2,Overall,7,80,100,100,
2024-11,Nov 2024,SL,2,Paper 1,1,0,10,80,
2024-11,Nov 2024,SL,2,Paper 1,2,11,20,80,
2024-11,Nov 2024,SL,2,Paper 1,3,21,28,80,
2024-11,Nov 2024,SL,2,Paper 1,4,29,41,80,
2024-11,Nov 2024,SL,2,Paper 1,5,42,52,80,
2024-11,Nov 2024,SL,2,Paper 1,6,53,63,80,
2024-11,Nov 2024,SL,2,Paper 1,7,64,80,80,
2024-11,Nov 2024,SL,2,Paper 2,1,0,10,80,
2024-11,Nov 2024,SL,2,Paper 2,2,11,20,80,
2024-11,Nov 2024,SL,2,Paper 2,3,21,28,80,
2024-11,Nov 2024,SL,2,Paper 2,4,29,41,80,
2024-11,Nov 2024,SL,2,Paper 2,5,42,52,80,
2024-11,Nov 2024,SL,2,Paper 2,6,53,61,80,
2024-11,Nov 2024,SL,2,Paper 2,7,62,80,80,
2025-05,May 2025,HL,1,IA,1,0,2,20,
2025-05,May 2025,HL,1,IA,2,3,5,20,
2025-05,May 2025,HL,1,IA,3,6,8,20,
2025-05,May 2025,HL,1,IA,4,9,11,20,
2025-05,May 2025,HL,1,IA,5,12,14,20,
2025-05,May 2025,HL,1,IA,6,15,16,20,
2025-05,May 2025,HL,1,IA,7,17,20,20,
2025-05,May 2025,HL,1,Overall,1,0,11,100,
2025-05,May 2025,HL,1,Overall,2,12,23,100,
2025-05,May 2025,HL,1,Overall,3,24,33,100,
2025-05,May 2025,HL,1,Overall,4,34,47,100,
2025-05,May 2025,HL,1,Overall,5,48,59,100,
2025-05,May 2025,HL,1,Overall,6,60,72,100,
2025-05,May 2025,HL,1,Overall,7,73,100,100,
2025-05,May 2025,HL,1,Paper 1,1,0,11,110,
2025-05,May 2025,HL,1,Paper 1,2,12,23,110,
2025-05,May 2025,HL,1,Paper 1,3,24,29,110,
2025-05,May 2025,HL,1,Paper 1,4,30,44,110,
2025-05,May 2025,HL,1,Paper 1,5,45,60,110,
2025-05,May 2025,HL,1,Paper 1,6,61,75,110,
2025-05,May 2025,HL,1,Paper 1,7,76,110,110,
2025-05,May 2025,HL,1,Paper 2,1,0,10,110,
2025-05,May 2025,HL,1,Paper 2,2,11,21,110,
2025-05,May 2025,HL,1,Paper 2,3,22,28,110,
2025-05,May 2025,HL,1,Paper 2,4,29,41,110,
2025-05,May 2025,HL,1,Paper 2,5,42,53,110,
2025-05,May 2025,HL,1,Paper 2,6,54,66,110,
2025-05,May 2025,HL,1,Paper 2,7,67,110,110,
2025-05,May 2025,HL,1,Paper 3,1,0,8,55,
2025-05,May 2025,HL,1,Paper 3,2,9,16,55,
2025-05,May 2025,HL,1,Paper 3,3,17,27,55,
2025-05,May 2025,HL,1,Paper 3,4,28,34,55,
2025-05,May 2025,HL,1,Paper 3,5,35,40,55,
2025-05,May 2025,HL,1,Paper 3,6,41,47,55,
2025-05,May 2025,HL,1,Paper 3,7,48,55,55,
2025-05,May 2025,HL,2,IA,1,0,2,20,
2025-05,May 2025,HL,2,IA,2,3,5,20,
2025-05,May 2025,HL,2,IA,3,6,8,20,
2025-05,May 2025,HL,2,IA,4,9,11,20,
2025-05,May 2025,HL,2,IA,5,12,14,20,
2025-05,May 2025,HL,2,IA,6,15,16,20,
2025-05,May 2025,HL,2,IA,7,17,20,20,
2025-05,May 2025,HL,2,Overall,1,0,10,100,
2025-05,May 2025,HL,2,Overall,2,11,22,100,
2025-05,May 2025,HL,2,Overall,3,23,31,100,
2025-05,May 2025,HL,2,Overall,4,32,44,100,
2025-05,May 2025,HL,2,Overall,5,45,58,100,
2025-05,May 2025,HL,2,Overall,6,59,70,100,
2025-05,May 2025,HL,2,Overall,7,71,100,100,
2025-05,May 2025,HL,2,Paper 1,1,0,9,110,
2025-05,May 2025,HL,2,Paper 1,2,10,19,110,
2025-05,May 2025,HL,2,Paper 1,3,20,25,110,
2025-05,May 2025,HL,2,Paper 1,4,26,41,110,
2025-05,May 2025,HL,2,Paper 1,5,42,57,110,
2025-05,May 2025,HL,2,Paper 1,6,58,73,110,
2025-05,May 2025,HL,2,Paper 1,7,74,110,110,
2025-05,May 2025,HL,2,Paper 2,1,0,10,110,
2025-05,May 2025,HL,2,Paper 2,2,11,21,110,
2025-05,May 2025,HL,2,Paper 2,3,22,29,110,
2025-05,May 2025,HL,2,Paper 2,4,30,43,110,
2025-05,May 2025,HL,2,Paper 2,5,44,57,110,
2025-05,May 2025,HL,2,Paper 2,6,58,71,110,
2025-05,May 2025,HL,2,Paper 2,7,72,110,110,
2025-05,May 2025,HL,2,Paper 3,1,0,8,55,
2025-05,May 2025,HL,2,Paper 3,2,9,16,55,
2025-05,May 2025,HL,2,Paper 3,3,17,22,55,
2025-05,May 2025,HL,2,Paper 3,4,23,28,55,
2025-05,May 2025,HL,2,Paper 3,5,29,35,55,
2025-05,May 2025,HL,2,Paper 3,6,36,41,55,
2025-05,May 2025,HL,2,Paper 3,7,42,55,55,
2025-05,May 2025,HL,3,IA,1,0,2,20,
2025-05,May 2025,HL,3,IA,2,3,5,20,
2025-05,May 2025,HL,3,IA,3,6,8,20,
2025-05,May 2025,HL,3,IA,4,9,11,20,
2025-05,May 2025,HL,3,IA,5,12,14,20,
2025-05,May 2025,HL,3,IA,6,15,16,20,
2025-05,May 2025,HL,3,IA,7,17,20,20,
2025-05,May 2025,HL,3,Overall,1,0,12,100,
2025-05,May 2025,HL,3,Overall,2,13,25,100,
2025-05,May 2025,HL,3,Overall,3,26,37,100,
2025-05,May 2025,HL,3,Overall,4,38,50,100,
2025-05,May 2025,HL,3,Overall,5,51,63,100,
2025-05,May 2025,HL,3,Overall,6,64,75,100,
2025-05,May 2025,HL,3,Overall,7,76,100,100,
2025-05,May 2025,HL,3,Paper 1,1,0,10,110,
2025-05,May 2025,HL,3,Paper 1,2,11,21,110,
2025-05,May 2025,HL,3,Paper 1,3,22,30,110,
2025-05,May 2025,HL,3,Paper 1,4,31,43,110,
2025-05,May 2025,HL,3,Paper 1,5,44,56,110,
2025-05,May 2025,HL,3,Paper 1,6,57,69,110,
2025-05,May 2025,HL,3,Paper 1,7,70,110,110,
2025-05,May 2025,HL,3,Paper 2,1,0,14,110,
2025-05,May 2025,HL,3,Paper 2,2,15,29,110,
2025-05,May 2025,HL,3,Paper 2,3,30,42,110,
2025-05,May 2025,HL,3,Paper 2,4,43,56,110,
2025-05,May 2025,HL,3,Paper 2,5,57,70,110,
2025-05,May 2025,HL,3,Paper 2,6,71,84,110,
2025-05,May 2025,HL,3,Paper 2,7,85,110,110,
2025-05,May 2025,HL,3,Paper 3,1,0,9,55,
2025-05,May 2025,HL,3,Paper 3,2,10,18,55,
2025-05,May 2025,HL,3,Paper 3,3,19,26,55,
2025-05,May 2025,HL,3,Paper 3,4,27,33,55,
2025-05,May 2025,HL,3,Paper 3,5,34,40,55,
2025-05,May 2025,HL,3,Paper 3,6,41,47,55,
2025-05,May 2025,HL,3,Paper 3,7,48,55,55,
2025-05,May 2025,SL,1,IA,1,0,2,20,
2025-05,May 2025,SL,1,IA,2,3,5,20,
2025-05,May 2025,SL,1,IA,3,6,8,20,
2025-05,May 2025,SL,1,IA,4,9,11,20,
2025-05,May 2025,SL,1,IA,5,12,14,20,
2025-05,May 2025,SL,1,IA,6,15,17,20,
2025-05,May 2025,SL,1,IA,7,18,20,20,
2025-05,May 2025,SL,1,Overall,1,0,6,100,
2025-05,May 2025,SL,1,Overall,2,7,14,100,
2025-05,May 2025,SL,1,Overall,3,15,24,100,
2025-05,May 2025,SL,1,Overall,4,25,37,100,
2025-05,May 2025,SL,1,Overall,5,38,51,100,
2025-05,May 2025,SL,1,Overall,6,52,64,100,
2025-05,May 2025,SL,1,Overall,7,65,100,100,
2025-05,May 2025,SL,1,Paper 1,1,0,5,80,
2025-05,May 2025,SL,1,Paper 1,2,6,10,80,
2025-05,May 2025,SL,1,Paper 1,3,11,18,80,
2025-05,May 2025,SL,1,Paper 1,4,19,28,80,
2025-05,May 2025,SL,1,Paper 1,5,29,39,80,
2025-05,May 2025,SL,1,Paper 1,6,40,49,80,
2025-05,May 2025,SL,1,Paper 1,7,50,80,80,
2025-05,May 2025,SL,1,Paper 2,1,0,4,80,
2025-05,May 2025,SL,1,Paper 2,2,5,8,80,
2025-05,May 2025,SL,1,Paper 2,3,9,14,80,
2025-05,May 2025,SL,1,Paper 2,4,15,25,80,
2025-05,May 2025,SL,1,Paper 2,5,26,35,80,
2025-05,May 2025,SL,1,Paper 2,6,36,46,80,
2025-05,May 2025,SL,1,Paper 2,7,47,80,80,
2025-05,May 2025,SL,2,IA,1,0,2,20,
2025-05,May 2025,SL,2,IA,2,3,5,20,
2025-05,May 2025,SL,2,IA,3,6,8,20,
2025-05,May 2025,SL,2,IA,4,9,11,20,
2025-05,May 2025,SL,2,IA,5,12,14,20,
2025-05,May 2025,SL,2,IA,6,15,17,20,
2025-05,May 2025,SL,2,IA,7,18,20,20,
2025-05,May 2025,SL,2,Overall,1,0,6,100,
2025-05,May 2025,SL,2,Overall,2,7,14,100,
2025-05,May 2025,SL,2,Overall,3,15,24,100,
2025-05,May 2025,SL,2,Overall,4,25,38,100,
2025-05,May 2025,SL,2,Overall,5,39,51,100,
2025-05,May 2025,SL,2,Overall,6,52,65,100,
2025-05,May 2025,SL,2,Overall,7,66,100,100,
2025-05,May 2025,SL,2,Paper 1,1,0,5,80,
2025-05,May 2025,SL,2,Paper 1,2,6,10,80,
2025-05,May 2025,SL,2,Paper 1,3,11,17,80,
2025-05,May 2025,SL,2,Paper 1,4,18,28,80,
2025-05,May 2025,SL,2,Paper 1,5,29,39,80,
2025-05,May 2025,SL,2,Paper 1,6,40,50,80,
2025-05,May 2025,SL,2,Paper 1,7,51,80,80,
2025-05,May 2025,SL,2,Paper 2,1,0,4,80,
2025-05,May 2025,SL,2,Paper 2,2,5,8,80,
2025-05,May 2025,SL,2,Paper 2,3,9,15,80,
2025-05,May 2025,SL,2,Paper 2,4,16,26,80,
2025-05,May 2025,SL,2,Paper 2,5,27,36,80,
2025-05,May 2025,SL,2,Paper 2,6,37,47,80,
2025-05,May 2025,SL,2,Paper 2,7,48,80,80,
2025-05,May 2025,SL,3,IA,1,0,2,20,
2025-05,May 2025,SL,3,IA,2,3,5,20,
2025-05,May 2025,SL,3,IA,3,6,8,20,
2025-05,May 2025,SL,3,IA,4,9,11,20,
2025-05,May 2025,SL,3,IA,5,12,14,20,
2025-05,May 2025,SL,3,IA,6,15,17,20,
2025-05,May 2025,SL,3,IA,7,18,20,20,
2025-05,May 2025,SL,3,Overall,1,0,9,100,
2025-05,May 2025,SL,3,Overall,2,10,20,100,
2025-05,May 2025,SL,3,Overall,3,21,32,100,
2025-05,May 2025,SL,3,Overall,4,33,47,100,
2025-05,May 2025,SL,3,Overall,5,48,61,100,
2025-05,May 2025,SL,3,Overall,6,62,76,100,
2025-05,May 2025,SL,3,Overall,7,77,100,100,
2025-05,May 2025,SL,3,Paper 1,1,0,7,80,
2025-05,May 2025,SL,3,Paper 1,2,8,15,80,
2025-05,May 2025,SL,3,Paper 1,3,16,23,80,
2025-05,May 2025,SL,3,Paper 1,4,24,35,80,
2025-05,May 2025,SL,3,Paper 1,5,36,47,80,
2025-05,May 2025,SL,3,Paper 1,6,48,59,80,
2025-05,May 2025,SL,3,Paper 1,7,60,80,80,
2025-05,May 2025,SL,3,Paper 2,1,0,7,80,
2025-05,May 2025,SL,3,Paper 2,2,8,14,80,
2025-05,May 2025,SL,3,Paper 2,3,15,24,80,
2025-05,May 2025,SL,3,Paper 2,4,25,36,80,
2025-05,May 2025,SL,3,Paper 2,5,37,47,80,
2025-05,May 2025,SL,3,Paper 2,6,48,59,80,
2025-05,May 2025,SL,3,Paper 2,7,60,79,80,IB PDF lists top of range 1 below paper max; kept as printed
2025-11,Nov 2025,HL,1,IA,1,0,2,20,
2025-11,Nov 2025,HL,1,IA,2,3,5,20,
2025-11,Nov 2025,HL,1,IA,3,6,8,20,
2025-11,Nov 2025,HL,1,IA,4,9,11,20,
2025-11,Nov 2025,HL,1,IA,5,12,14,20,
2025-11,Nov 2025,HL,1,IA,6,15,16,20,
2025-11,Nov 2025,HL,1,IA,7,17,20,20,
2025-11,Nov 2025,HL,1,Overall,1,0,12,100,
2025-11,Nov 2025,HL,1,Overall,2,13,25,100,
2025-11,Nov 2025,HL,1,Overall,3,26,33,100,
2025-11,Nov 2025,HL,1,Overall,4,34,48,100,
2025-11,Nov 2025,HL,1,Overall,5,49,63,100,
2025-11,Nov 2025,HL,1,Overall,6,64,77,100,
2025-11,Nov 2025,HL,1,Overall,7,78,100,100,
2025-11,Nov 2025,HL,1,Paper 1,1,0,15,110,
2025-11,Nov 2025,HL,1,Paper 1,2,16,30,110,
2025-11,Nov 2025,HL,1,Paper 1,3,31,38,110,
2025-11,Nov 2025,HL,1,Paper 1,4,39,53,110,
2025-11,Nov 2025,HL,1,Paper 1,5,54,71,110,
2025-11,Nov 2025,HL,1,Paper 1,6,72,88,110,
2025-11,Nov 2025,HL,1,Paper 1,7,89,110,110,
2025-11,Nov 2025,HL,1,Paper 2,1,0,13,110,
2025-11,Nov 2025,HL,1,Paper 2,2,14,26,110,
2025-11,Nov 2025,HL,1,Paper 2,3,27,33,110,
2025-11,Nov 2025,HL,1,Paper 2,4,34,49,110,
2025-11,Nov 2025,HL,1,Paper 2,5,50,65,110,
2025-11,Nov 2025,HL,1,Paper 2,6,66,81,110,
2025-11,Nov 2025,HL,1,Paper 2,7,82,109,110,IB PDF lists top of range 1 below paper max; kept as printed
2025-11,Nov 2025,HL,1,Paper 3,1,0,6,55,
2025-11,Nov 2025,HL,1,Paper 3,2,7,12,55,
2025-11,Nov 2025,HL,1,Paper 3,3,13,16,55,
2025-11,Nov 2025,HL,1,Paper 3,4,17,24,55,
2025-11,Nov 2025,HL,1,Paper 3,5,25,33,55,
2025-11,Nov 2025,HL,1,Paper 3,6,34,41,55,
2025-11,Nov 2025,HL,1,Paper 3,7,42,55,55,
2025-11,Nov 2025,HL,3,IA,1,0,2,20,
2025-11,Nov 2025,HL,3,IA,2,3,5,20,
2025-11,Nov 2025,HL,3,IA,3,6,8,20,
2025-11,Nov 2025,HL,3,IA,4,9,11,20,
2025-11,Nov 2025,HL,3,IA,5,12,14,20,
2025-11,Nov 2025,HL,3,IA,6,15,16,20,
2025-11,Nov 2025,HL,3,IA,7,17,20,20,
2025-11,Nov 2025,HL,3,Overall,1,0,11,100,
2025-11,Nov 2025,HL,3,Overall,2,12,23,100,
2025-11,Nov 2025,HL,3,Overall,3,24,34,100,
2025-11,Nov 2025,HL,3,Overall,4,35,48,100,
2025-11,Nov 2025,HL,3,Overall,5,49,62,100,
2025-11,Nov 2025,HL,3,Overall,6,63,74,100,
2025-11,Nov 2025,HL,3,Overall,7,75,100,100,
2025-11,Nov 2025,HL,3,Paper 1,1,0,11,110,
2025-11,Nov 2025,HL,3,Paper 1,2,12,23,110,
2025-11,Nov 2025,HL,3,Paper 1,3,24,32,110,
2025-11,Nov 2025,HL,3,Paper 1,4,33,48,110,
2025-11,Nov 2025,HL,3,Paper 1,5,49,65,110,
2025-11,Nov 2025,HL,3,Paper 1,6,66,81,110,
2025-11,Nov 2025,HL,3,Paper 1,7,82,110,110,
2025-11,Nov 2025,HL,3,Paper 2,1,0,13,110,
2025-11,Nov 2025,HL,3,Paper 2,2,14,27,110,
2025-11,Nov 2025,HL,3,Paper 2,3,28,38,110,
2025-11,Nov 2025,HL,3,Paper 2,4,39,52,110,
2025-11,Nov 2025,HL,3,Paper 2,5,53,67,110,
2025-11,Nov 2025,HL,3,Paper 2,6,68,81,110,
2025-11,Nov 2025,HL,3,Paper 2,7,82,110,110,
2025-11,Nov 2025,HL,3,Paper 3,1,0,6,55,
2025-11,Nov 2025,HL,3,Paper 3,2,7,13,55,
2025-11,Nov 2025,HL,3,Paper 3,3,14,19,55,
2025-11,Nov 2025,HL,3,Paper 3,4,20,26,55,
2025-11,Nov 2025,HL,3,Paper 3,5,27,32,55,
2025-11,Nov 2025,HL,3,Paper 3,6,33,39,55,
2025-11,Nov 2025,HL,3,Paper 3,7,40,55,55,
2025-11,Nov 2025,SL,1,IA,1,0,2,20,
2025-11,Nov 2025,SL,1,IA,2,3,5,20,
2025-11,Nov 2025,SL,1,IA,3,6,8,20,
2025-11,Nov 2025,SL,1,IA,4,9,11,20,
2025-11,Nov 2025,SL,1,IA,5,12,14,20,
2025-11,Nov 2025,SL,1,IA,6,15,17,20,
2025-11,Nov 2025,SL,1,IA,7,18,20,20,
2025-11,Nov 2025,SL,1,Overall,1,0,12,100,
2025-11,Nov 2025,SL,1,Overall,2,13,26,100,
2025-11,Nov 2025,SL,1,Overall,3,27,40,100,
2025-11,Nov 2025,SL,1,Overall,4,41,53,100,
2025-11,Nov 2025,SL,1,Overall,5,54,66,100,
2025-11,Nov 2025,SL,1,Overall,6,67,79,100,
2025-11,Nov 2025,SL,1,Overall,7,80,100,100,
2025-11,Nov 2025,SL,1,Paper 1,1,0,10,80,
2025-11,Nov 2025,SL,1,Paper 1,2,11,21,80,
2025-11,Nov 2025,SL,1,Paper 1,3,22,32,80,
2025-11,Nov 2025,SL,1,Paper 1,4,33,42,80,
2025-11,Nov 2025,SL,1,Paper 1,5,43,52,80,
2025-11,Nov 2025,SL,1,Paper 1,6,53,62,80,
2025-11,Nov 2025,SL,1,Paper 1,7,63,80,80,
2025-11,Nov 2025,SL,1,Paper 2,1,0,10,80,
2025-11,Nov 2025,SL,1,Paper 2,2,11,21,80,
2025-11,Nov 2025,SL,1,Paper 2,3,22,31,80,
2025-11,Nov 2025,SL,1,Paper 2,4,32,41,80,
2025-11,Nov 2025,SL,1,Paper 2,5,42,52,80,
2025-11,Nov 2025,SL,1,Paper 2,6,53,62,80,
2025-11,Nov 2025,SL,1,Paper 2,7,63,79,80,IB PDF lists top of range 1 below paper max; kept as printed
2025-11,Nov 2025,SL,3,IA,1,0,2,20,
2025-11,Nov 2025,SL,3,IA,2,3,5,20,
2025-11,Nov 2025,SL,3,IA,3,6,8,20,
2025-11,Nov 2025,SL,3,IA,4,9,11,20,
2025-11,Nov 2025,SL,3,IA,5,12,14,20,
2025-11,Nov 2025,SL,3,IA,6,15,17,20,
2025-11,Nov 2025,SL,3,IA,7,18,20,20,
2025-11,Nov 2025,SL,3,Overall,1,0,12,100,
2025-11,Nov 2025,SL,3,Overall,2,13,26,100,
2025-11,Nov 2025,SL,3,Overall,3,27,39,100,
2025-11,Nov 2025,SL,3,Overall,4,40,52,100,
2025-11,Nov 2025,SL,3,Overall,5,53,66,100,
2025-11,Nov 2025,SL,3,Overall,6,67,79,100,
2025-11,Nov 2025,SL,3,Overall,7,80,100,100,
2025-11,Nov 2025,SL,3,Paper 1,1,0,10,80,
2025-11,Nov 2025,SL,3,Paper 1,2,11,20,80,
2025-11,Nov 2025,SL,3,Paper 1,3,21,30,80,
2025-11,Nov 2025,SL,3,Paper 1,4,31,40,80,
2025-11,Nov 2025,SL,3,Paper 1,5,41,51,80,
2025-11,Nov 2025,SL,3,Paper 1,6,52,61,80,
2025-11,Nov 2025,SL,3,Paper 1,7,62,80,80,
2025-11,Nov 2025,SL,3,Paper 2,1,0,11,80,
2025-11,Nov 2025,SL,3,Paper 2,2,12,23,80,
2025-11,Nov 2025,SL,3,Paper 2,3,24,33,80,
2025-11,Nov 2025,SL,3,Paper 2,4,34,43,80,
2025-11,Nov 2025,SL,3,Paper 2,5,44,54,80,
2025-11,Nov 2025,SL,3,Paper 2,6,55,64,80,
2025-11,Nov 2025,SL,3,Paper 2,7,65,80,80,
2026-05,May 2026,HL,1,IA,1,0,2,20,
2026-05,May 2026,HL,1,IA,2,3,5,20,
2026-05,May 2026,HL,1,IA,3,6,8,20,
2026-05,May 2026,HL,1,IA,4,9,11,20,
2026-05,May 2026,HL,1,IA,5,12,14,20,
2026-05,May 2026,HL,1,IA,6,15,16,20,
2026-05,May 2026,HL,1,IA,7,17,20,20,
2026-05,May 2026,HL,1,Overall,1,0,9,100,
2026-05,May 2026,HL,1,Overall,2,10,19,100,
2026-05,May 2026,HL,1,Overall,3,20,28,100,
2026-05,May 2026,HL,1,Overall,4,29,42,100,
2026-05,May 2026,HL,1,Overall,5,43,56,100,
2026-05,May 2026,HL,1,Overall,6,57,71,100,
2026-05,May 2026,HL,1,Overall,7,72,100,100,
2026-05,May 2026,HL,1,Paper 1,1,0,11,110,
2026-05,May 2026,HL,1,Paper 1,2,12,22,110,
2026-05,May 2026,HL,1,Paper 1,3,23,29,110,
2026-05,May 2026,HL,1,Paper 1,4,30,46,110,
2026-05,May 2026,HL,1,Paper 1,5,47,63,110,
2026-05,May 2026,HL,1,Paper 1,6,64,81,110,
2026-05,May 2026,HL,1,Paper 1,7,82,110,110,
2026-05,May 2026,HL,1,Paper 2,1,0,7,110,
2026-05,May 2026,HL,1,Paper 2,2,8,15,110,
2026-05,May 2026,HL,1,Paper 2,3,16,22,110,
2026-05,May 2026,HL,1,Paper 2,4,23,38,110,
2026-05,May 2026,HL,1,Paper 2,5,39,54,110,
2026-05,May 2026,HL,1,Paper 2,6,55,73,110,
2026-05,May 2026,HL,1,Paper 2,7,74,110,110,
2026-05,May 2026,HL,1,Paper 3,1,0,6,55,
2026-05,May 2026,HL,1,Paper 3,2,7,12,55,
2026-05,May 2026,HL,1,Paper 3,3,13,18,55,
2026-05,May 2026,HL,1,Paper 3,4,19,23,55,
2026-05,May 2026,HL,1,Paper 3,5,24,29,55,
2026-05,May 2026,HL,1,Paper 3,6,30,35,55,
2026-05,May 2026,HL,1,Paper 3,7,36,55,55,
2026-05,May 2026,HL,2,IA,1,0,2,20,
2026-05,May 2026,HL,2,IA,2,3,5,20,
2026-05,May 2026,HL,2,IA,3,6,8,20,
2026-05,May 2026,HL,2,IA,4,9,11,20,
2026-05,May 2026,HL,2,IA,5,12,14,20,
2026-05,May 2026,HL,2,IA,6,15,16,20,
2026-05,May 2026,HL,2,IA,7,17,20,20,
2026-05,May 2026,HL,2,Overall,1,0,11,100,
2026-05,May 2026,HL,2,Overall,2,12,22,100,
2026-05,May 2026,HL,2,Overall,3,23,34,100,
2026-05,May 2026,HL,2,Overall,4,35,47,100,
2026-05,May 2026,HL,2,Overall,5,48,60,100,
2026-05,May 2026,HL,2,Overall,6,61,72,100,
2026-05,May 2026,HL,2,Overall,7,73,100,100,
2026-05,May 2026,HL,2,Paper 1,1,0,11,110,
2026-05,May 2026,HL,2,Paper 1,2,12,23,110,
2026-05,May 2026,HL,2,Paper 1,3,24,32,110,
2026-05,May 2026,HL,2,Paper 1,4,33,47,110,
2026-05,May 2026,HL,2,Paper 1,5,48,61,110,
2026-05,May 2026,HL,2,Paper 1,6,62,76,110,
2026-05,May 2026,HL,2,Paper 1,7,77,110,110,
2026-05,May 2026,HL,2,Paper 2,1,0,11,110,
2026-05,May 2026,HL,2,Paper 2,2,12,22,110,
2026-05,May 2026,HL,2,Paper 2,3,23,33,110,
2026-05,May 2026,HL,2,Paper 2,4,34,47,110,
2026-05,May 2026,HL,2,Paper 2,5,48,60,110,
2026-05,May 2026,HL,2,Paper 2,6,61,74,110,
2026-05,May 2026,HL,2,Paper 2,7,75,110,110,
2026-05,May 2026,HL,2,Paper 3,1,0,7,55,
2026-05,May 2026,HL,2,Paper 3,2,8,14,55,
2026-05,May 2026,HL,2,Paper 3,3,15,22,55,
2026-05,May 2026,HL,2,Paper 3,4,23,28,55,
2026-05,May 2026,HL,2,Paper 3,5,29,35,55,
2026-05,May 2026,HL,2,Paper 3,6,36,41,55,
2026-05,May 2026,HL,2,Paper 3,7,42,55,55,
2026-05,May 2026,HL,3,IA,1,0,2,20,
2026-05,May 2026,HL,3,IA,2,3,5,20,
2026-05,May 2026,HL,3,IA,3,6,8,20,
2026-05,May 2026,HL,3,IA,4,9,11,20,
2026-05,May 2026,HL,3,IA,5,12,14,20,
2026-05,May 2026,HL,3,IA,6,15,16,20,
2026-05,May 2026,HL,3,IA,7,17,20,20,
2026-05,May 2026,HL,3,Overall,1,0,10,100,
2026-05,May 2026,HL,3,Overall,2,11,21,100,
2026-05,May 2026,HL,3,Overall,3,22,32,100,
2026-05,May 2026,HL,3,Overall,4,33,45,100,
2026-05,May 2026,HL,3,Overall,5,46,59,100,
2026-05,May 2026,HL,3,Overall,6,60,71,100,
2026-05,May 2026,HL,3,Overall,7,72,100,100,
2026-05,May 2026,HL,3,Paper 1,1,0,10,110,
2026-05,May 2026,HL,3,Paper 1,2,11,21,110,
2026-05,May 2026,HL,3,Paper 1,3,22,30,110,
2026-05,May 2026,HL,3,Paper 1,4,31,44,110,
2026-05,May 2026,HL,3,Paper 1,5,45,59,110,
2026-05,May 2026,HL,3,Paper 1,6,60,73,110,
2026-05,May 2026,HL,3,Paper 1,7,74,110,110,
2026-05,May 2026,HL,3,Paper 2,1,0,10,110,
2026-05,May 2026,HL,3,Paper 2,2,11,21,110,
2026-05,May 2026,HL,3,Paper 2,3,22,32,110,
2026-05,May 2026,HL,3,Paper 2,4,33,46,110,
2026-05,May 2026,HL,3,Paper 2,5,47,60,110,
2026-05,May 2026,HL,3,Paper 2,6,61,74,110,
2026-05,May 2026,HL,3,Paper 2,7,75,110,110,
2026-05,May 2026,HL,3,Paper 3,1,0,6,55,
2026-05,May 2026,HL,3,Paper 3,2,7,13,55,
2026-05,May 2026,HL,3,Paper 3,3,14,20,55,
2026-05,May 2026,HL,3,Paper 3,4,21,27,55,
2026-05,May 2026,HL,3,Paper 3,5,28,34,55,
2026-05,May 2026,HL,3,Paper 3,6,35,41,55,
2026-05,May 2026,HL,3,Paper 3,7,42,55,55,
2026-05,May 2026,SL,1,IA,1,0,2,20,
2026-05,May 2026,SL,1,IA,2,3,5,20,
2026-05,May 2026,SL,1,IA,3,6,8,20,
2026-05,May 2026,SL,1,IA,4,9,11,20,
2026-05,May 2026,SL,1,IA,5,12,14,20,
2026-05,May 2026,SL,1,IA,6,15,17,20,
2026-05,May 2026,SL,1,IA,7,18,20,20,
2026-05,May 2026,SL,1,Overall,1,0,7,100,
2026-05,May 2026,SL,1,Overall,2,8,16,100,
2026-05,May 2026,SL,1,Overall,3,17,27,100,
2026-05,May 2026,SL,1,Overall,4,28,42,100,
2026-05,May 2026,SL,1,Overall,5,43,58,100,
2026-05,May 2026,SL,1,Overall,6,59,74,100,
2026-05,May 2026,SL,1,Overall,7,75,100,100,
2026-05,May 2026,SL,1,Paper 1,1,0,4,80,
2026-05,May 2026,SL,1,Paper 1,2,5,9,80,
2026-05,May 2026,SL,1,Paper 1,3,10,18,80,
2026-05,May 2026,SL,1,Paper 1,4,19,31,80,
2026-05,May 2026,SL,1,Paper 1,5,32,45,80,
2026-05,May 2026,SL,1,Paper 1,6,46,58,80,
2026-05,May 2026,SL,1,Paper 1,7,59,80,80,
2026-05,May 2026,SL,1,Paper 2,1,0,6,80,
2026-05,May 2026,SL,1,Paper 2,2,7,13,80,
2026-05,May 2026,SL,1,Paper 2,3,14,20,80,
2026-05,May 2026,SL,1,Paper 2,4,21,32,80,
2026-05,May 2026,SL,1,Paper 2,5,33,44,80,
2026-05,May 2026,SL,1,Paper 2,6,45,56,80,
2026-05,May 2026,SL,1,Paper 2,7,57,80,80,
2026-05,May 2026,SL,2,IA,1,0,2,20,
2026-05,May 2026,SL,2,IA,2,3,5,20,
2026-05,May 2026,SL,2,IA,3,6,8,20,
2026-05,May 2026,SL,2,IA,4,9,11,20,
2026-05,May 2026,SL,2,IA,5,12,14,20,
2026-05,May 2026,SL,2,IA,6,15,17,20,
2026-05,May 2026,SL,2,IA,7,18,20,20,
2026-05,May 2026,SL,2,Overall,1,0,8,100,
2026-05,May 2026,SL,2,Overall,2,9,19,100,
2026-05,May 2026,SL,2,Overall,3,20,30,100,
2026-05,May 2026,SL,2,Overall,4,31,44,100,
2026-05,May 2026,SL,2,Overall,5,45,59,100,
2026-05,May 2026,SL,2,Overall,6,60,73,100,
2026-05,May 2026,SL,2,Overall,7,74,100,100,
2026-05,May 2026,SL,2,Paper 1,1,0,7,80,
2026-05,May 2026,SL,2,Paper 1,2,8,15,80,
2026-05,May 2026,SL,2,Paper 1,3,16,23,80,
2026-05,May 2026,SL,2,Paper 1,4,24,35,80,
2026-05,May 2026,SL,2,Paper 1,5,36,46,80,
2026-05,May 2026,SL,2,Paper 1,6,47,58,80,
2026-05,May 2026,SL,2,Paper 1,7,59,80,80,
2026-05,May 2026,SL,2,Paper 2,1,0,6,80,
2026-05,May 2026,SL,2,Paper 2,2,7,13,80,
2026-05,May 2026,SL,2,Paper 2,3,14,21,80,
2026-05,May 2026,SL,2,Paper 2,4,22,32,80,
2026-05,May 2026,SL,2,Paper 2,5,33,44,80,
2026-05,May 2026,SL,2,Paper 2,6,45,55,80,
2026-05,May 2026,SL,2,Paper 2,7,56,80,80,
2026-05,May 2026,SL,3,IA,1,0,2,20,
2026-05,May 2026,SL,3,IA,2,3,5,20,
2026-05,May 2026,SL,3,IA,3,6,8,20,
2026-05,May 2026,SL,3,IA,4,9,11,20,
2026-05,May 2026,SL,3,IA,5,12,14,20,
2026-05,May 2026,SL,3,IA,6,15,17,20,
2026-05,May 2026,SL,3,IA,7,18,20,20,
2026-05,May 2026,SL,3,Overall,1,0,8,100,
2026-05,May 2026,SL,3,Overall,2,9,18,100,
2026-05,May 2026,SL,3,Overall,3,19,29,100,
2026-05,May 2026,SL,3,Overall,4,30,43,100,
2026-05,May 2026,SL,3,Overall,5,44,58,100,
2026-05,May 2026,SL,3,Overall,6,59,72,100,
2026-05,May 2026,SL,3,Overall,7,73,100,100,
2026-05,May 2026,SL,3,Paper 1,1,0,7,80,
2026-05,May 2026,SL,3,Paper 1,2,8,15,80,
2026-05,May 2026,SL,3,Paper 1,3,16,23,80,
2026-05,May 2026,SL,3,Paper 1,4,24,34,80,
2026-05,May 2026,SL,3,Paper 1,5,35,45,80,
2026-05,May 2026,SL,3,Paper 1,6,46,56,80,
2026-05,May 2026,SL,3,Paper 1,7,57,80,80,
2026-05,May 2026,SL,3,Paper 2,1,0,6,80,
2026-05,May 2026,SL,3,Paper 2,2,7,12,80,
2026-05,May 2026,SL,3,Paper 2,3,13,20,80,
2026-05,May 2026,SL,3,Paper 2,4,21,31,80,
2026-05,May 2026,SL,3,Paper 2,5,32,43,80,
2026-05,May 2026,SL,3,Paper 2,6,44,54,80,
2026-05,May 2026,SL,3,Paper 2,7,55,80,80,
